<?xml version="1.0" encoding="utf-8"?>
<extension version="3.8" type="plugin" group="content" method="upgrade">
	<name>plg_content_etdgallery</name>
	<author>ETD Solutions</author>
	<creationDate>June 2015</creationDate>
	<copyright>Copyright (C) 2015 - 2018 ETD Solutions. All rights reserved.</copyright>
	<license>Apache License 2.0</license>
	<authorEmail>support@etd-solutions.com</authorEmail>
	<authorUrl>etd-solutions.com</authorUrl>
	<version>1.1.13</version>
	<description>PLG_CONTENT_ETDGALLERY_XML_DESCRIPTION</description>

	<files>
		<filename plugin="etdgallery">etdgallery.php</filename>
		<filename>etdgallery.xml</filename>
	</files>

	<languages folder="language">
		<language tag="fr-FR">fr-FR/fr-FR.plg_content_etdgallery.ini</language>
		<language tag="fr-FR">fr-FR/fr-FR.plg_content_etdgallery.sys.ini</language>
	</languages>
</extension>
