<?xml version="1.0" encoding="utf-8"?>
<extension version="3.8" type="plugin" group="system" method="upgrade">
	<name>plg_system_etdgalleryrender</name>
	<author>ETD Solutions</author>
	<creationDate>June 2015</creationDate>
	<copyright>Copyright (C) 2015 - 2018 ETD Solutions. All rights reserved.</copyright>
	<license>Apache License 2.0</license>
	<authorEmail>support@etd-solutions.com</authorEmail>
	<authorUrl>etd-solutions.com</authorUrl>
	<version>1.1.5</version>
	<description>PLG_SYSTEM_ETDGALLERYRENDER_XML_DESCRIPTION</description>

	<files>
		<filename plugin="etdgalleryrender">etdgalleryrender.php</filename>
		<filename>etdgalleryrender.xml</filename>
		<folder>layouts</folder>
	</files>

	<languages folder="language">
		<language tag="fr-FR">fr-FR/fr-FR.plg_system_etdgalleryrender.ini</language>
		<language tag="fr-FR">fr-FR/fr-FR.plg_system_etdgalleryrender.sys.ini</language>
	</languages>
</extension>
